{
  "project_info": {
    "project_number": "209488514897",
    "firebase_url": "https://binary-70211.firebaseio.com",
    "project_id": "binary-70211",
    "storage_bucket": "binary-70211.appspot.com"
  },
  "client": [
    {
      "client_info": {
        "mobilesdk_app_id": "1:209488514897:android:5f070afaf2a066baedcd70",
        "android_client_info": {
          "package_name": "com.example.asthma"
        }
      },
      "oauth_client": [
        {
          "client_id": "209488514897-jes6htvt1d20c6vorh9d56dbdegcggru.apps.googleusercontent.com",
          "client_type": 3
        }
      ],
      "api_key": [
        {
          "current_key": "AIzaSyALuB1X2IElDwX2vMJOGqHuipJECRnzm4U"
        }
      ],
      "services": {
        "appinvite_service": {
          "other_platform_oauth_client": [
            {
              "client_id": "209488514897-jes6htvt1d20c6vorh9d56dbdegcggru.apps.googleusercontent.com",
              "client_type": 3
            }
          ]
        }
      }
    }
  ],
  "configuration_version": "1"
}